review_id,recipe_id,username,rating,comment
1,1,Alice,5,Amazing curry
2,1,Bob,4,Very tasty
3,2,Charlie,5,Easy to make
4,3,David,3,Good but salty
5,4,Ella,5,Healthy recipe
6,5,Frank,4,Nice soup
7,546,Casey,1,Loved it
8,861,Sam,5,Great recipe
9,465,Casey,1,Great recipe
10,115,Sam,4,Family favorite
11,736,Reese,2,Very simple and quick
12,726,Jamie,3,Loved it
13,581,Sam,1,Great recipe
14,958,Taylor,5,Family favorite
15,294,Reese,4,Great recipe
16,1112,Reese,2,Pretty good overall
17,1731,Riley,5,Would make again
18,538,Riley,4,Family favorite
19,1521,Avery,1,Very simple and quick
20,925,Jamie,1,Family favorite
21,895,Sam,4,Would make again
22,1945,Sam,1,Family favorite
23,325,Avery,1,Would make again
24,547,Alex,1,Excellent dish
25,51,Alex,4,Pretty good overall
26,1418,Taylor,2,Family favorite
27,771,Morgan,3,Excellent dish
28,894,Avery,1,Great recipe
29,232,Casey,4,Pretty good overall
30,1334,Sam,5,Not bad at all
31,578,Jamie,5,Great recipe
32,1924,Casey,5,Not bad at all
33,1563,Quinn,2,Too salty for my taste
34,383,Reese,3,Excellent dish
35,1832,Quinn,1,Pretty good overall
36,375,Avery,4,Too salty for my taste
37,1761,Drew,4,Very simple and quick
38,553,Avery,3,Excellent dish
39,1056,Sam,4,Loved it
40,1367,Jamie,4,Not bad at all
41,1584,Riley,5,Would make again
42,1047,Jamie,5,Great recipe
43,704,Reese,2,Family favorite
44,1399,Quinn,1,Loved it
45,362,Sam,3,Not bad at all
46,1570,Reese,2,Too salty for my taste
47,1002,Avery,4,Excellent dish
48,958,Riley,1,Pretty good overall
49,1242,Riley,1,Family favorite
50,1008,Avery,2,Not bad at all
51,916,Morgan,1,Very simple and quick
52,1990,Sam,2,Would make again
53,1511,Casey,1,Pretty good overall
54,68,Quinn,3,Pretty good overall
55,1569,Riley,4,Not bad at all
56,438,Reese,4,Great recipe
57,1917,Taylor,2,Family favorite
58,1477,Reese,5,Very simple and quick
59,1570,Sam,3,Family favorite
60,360,Alex,2,Family favorite
61,436,Sam,1,Too salty for my taste
62,1059,Avery,4,Would make again
63,570,Alex,1,Very simple and quick
64,433,Alex,2,Loved it
65,1913,Alex,3,Family favorite
66,1734,Drew,4,Not bad at all
67,771,Drew,5,Would make again
68,1044,Casey,2,Loved it
69,1176,Morgan,1,Would make again
70,747,Avery,3,Pretty good overall
71,593,Drew,5,Would make again
72,1766,Reese,1,Loved it
73,860,Drew,1,Family favorite
74,1455,Drew,2,Family favorite
75,254,Avery,2,Great recipe
76,793,Riley,2,Too salty for my taste
77,525,Avery,3,Not bad at all
78,1805,Alex,2,Very simple and quick
79,1597,Jamie,2,Great recipe
80,385,Jordan,4,Would make again
81,1854,Avery,5,Would make again
82,1484,Quinn,5,Would make again
83,863,Jordan,3,Family favorite
84,1878,Sam,4,Excellent dish
85,462,Casey,2,Loved it
86,81,Alex,1,Very simple and quick
87,207,Alex,2,Excellent dish
88,389,Riley,3,Not bad at all
89,159,Casey,3,Loved it
90,886,Reese,1,Loved it
91,1489,Jordan,1,Would make again
92,109,Riley,5,Loved it
93,955,Sam,4,Family favorite
94,602,Reese,4,Too salty for my taste
95,1582,Riley,3,Very simple and quick
96,1566,Casey,4,Great recipe
97,997,Drew,5,Loved it
98,1157,Sam,2,Great recipe
99,1853,Alex,1,Excellent dish
100,1054,Reese,2,Too salty for my taste
101,1645,Jordan,3,Family favorite
102,1973,Quinn,1,Excellent dish
103,524,Drew,4,Family favorite
104,924,Avery,3,Loved it
105,949,Riley,2,Would make again
106,1281,Avery,1,Very simple and quick
107,58,Drew,5,Pretty good overall
108,219,Reese,2,Not bad at all
109,1152,Drew,4,Would make again
110,802,Jamie,2,Great recipe
111,244,Sam,4,Pretty good overall
112,1901,Drew,1,Would make again
113,941,Alex,4,Pretty good overall
114,725,Riley,2,Would make again
115,1294,Casey,4,Family favorite
116,1649,Morgan,2,Not bad at all
117,1528,Reese,3,Very simple and quick
118,1554,Avery,2,Would make again
119,604,Jordan,5,Too salty for my taste
120,1594,Riley,5,Would make again
121,1713,Drew,1,Very simple and quick
122,383,Drew,2,Would make again
123,1246,Alex,3,Great recipe
124,1274,Quinn,2,Pretty good overall
125,1462,Avery,4,Not bad at all
126,347,Alex,3,Great recipe
127,736,Avery,2,Would make again
128,1405,Reese,2,Great recipe
129,296,Riley,2,Family favorite
130,293,Morgan,5,Great recipe
131,1596,Riley,1,Would make again
132,485,Drew,1,Great recipe
133,671,Riley,4,Loved it
134,1914,Casey,5,Too salty for my taste
135,1195,Drew,5,Family favorite
136,639,Morgan,1,Too salty for my taste
137,1642,Jamie,5,Pretty good overall
138,1997,Quinn,3,Loved it
139,911,Jordan,4,Would make again
140,362,Casey,1,Too salty for my taste
141,1396,Riley,2,Family favorite
142,1811,Morgan,4,Very simple and quick
143,1081,Taylor,5,Pretty good overall
144,941,Sam,1,Great recipe
145,693,Morgan,4,Loved it
146,1763,Quinn,4,Great recipe
147,1495,Sam,5,Not bad at all
148,51,Jamie,1,Would make again
149,921,Quinn,3,Excellent dish
150,838,Morgan,4,Family favorite
151,1223,Sam,2,Excellent dish
152,1193,Alex,3,Loved it
153,1032,Avery,4,Would make again
154,387,Jordan,1,Too salty for my taste
155,1296,Jamie,5,Not bad at all
156,1789,Drew,4,Excellent dish
157,1454,Taylor,4,Great recipe
158,844,Quinn,4,Very simple and quick
159,1737,Jordan,4,Very simple and quick
160,413,Drew,4,Family favorite
161,1983,Morgan,2,Would make again
162,1006,Avery,4,Not bad at all
163,1483,Reese,2,Very simple and quick
164,1629,Reese,4,Not bad at all
165,1486,Reese,5,Would make again
166,1012,Alex,3,Excellent dish
167,381,Reese,2,Would make again
168,1386,Reese,3,Loved it
169,373,Morgan,4,Excellent dish
170,1326,Jamie,5,Not bad at all
171,923,Taylor,4,Not bad at all
172,968,Jamie,1,Family favorite
173,602,Taylor,1,Would make again
174,1687,Quinn,4,Pretty good overall
175,1894,Casey,4,Pretty good overall
176,840,Riley,3,Loved it
177,1397,Jordan,2,Loved it
178,1960,Jordan,3,Excellent dish
179,1351,Alex,4,Pretty good overall
180,783,Drew,5,Loved it
181,1353,Morgan,3,Pretty good overall
182,569,Reese,2,Family favorite
183,1440,Morgan,1,Very simple and quick
184,1783,Avery,2,Great recipe
185,1680,Taylor,5,Very simple and quick
186,1574,Reese,2,Would make again
187,1319,Sam,3,Loved it
188,1652,Riley,1,Would make again
189,1790,Drew,2,Not bad at all
190,338,Drew,1,Very simple and quick
191,734,Quinn,5,Loved it
192,1917,Quinn,4,Would make again
193,338,Sam,4,Would make again
194,631,Alex,3,Would make again
195,151,Sam,5,Would make again
196,1758,Jamie,5,Too salty for my taste
197,1323,Jordan,4,Great recipe
198,24,Avery,2,Excellent dish
199,325,Reese,3,Family favorite
200,359,Jamie,1,Would make again
201,1664,Casey,5,Very simple and quick
202,1566,Quinn,3,Loved it
203,1077,Taylor,5,Would make again
204,952,Casey,3,Not bad at all
205,1699,Avery,1,Family favorite
206,895,Jamie,5,Excellent dish
207,1283,Avery,1,Not bad at all
208,336,Alex,1,Very simple and quick
209,1853,Casey,1,Family favorite
210,949,Jordan,3,Too salty for my taste
211,1651,Riley,3,Excellent dish
212,474,Sam,4,Would make again
213,1610,Quinn,3,Too salty for my taste
214,1479,Drew,2,Great recipe
215,1219,Jamie,2,Would make again
216,1247,Jordan,3,Great recipe
217,1120,Reese,1,Very simple and quick
218,985,Morgan,5,Too salty for my taste
219,979,Jordan,2,Great recipe
220,901,Drew,5,Would make again
221,414,Jamie,5,Would make again
222,1468,Sam,1,Very simple and quick
223,1800,Morgan,5,Loved it
224,279,Sam,4,Family favorite
225,1541,Sam,3,Loved it
226,550,Riley,4,Very simple and quick
227,17,Jamie,2,Great recipe
228,1182,Morgan,4,Family favorite
229,1360,Quinn,1,Very simple and quick
230,965,Jamie,3,Excellent dish
231,955,Reese,1,Loved it
232,1046,Taylor,5,Would make again
233,1553,Jamie,4,Great recipe
234,667,Quinn,5,Excellent dish
235,274,Riley,4,Family favorite
236,1748,Sam,1,Family favorite
237,855,Drew,3,Not bad at all
238,379,Casey,3,Family favorite
239,1194,Taylor,3,Very simple and quick
240,1464,Avery,4,Would make again
241,611,Morgan,4,Too salty for my taste
242,902,Drew,2,Too salty for my taste
243,796,Jamie,2,Great recipe
244,1268,Alex,4,Excellent dish
245,519,Avery,2,Excellent dish
246,1530,Avery,3,Loved it
247,1176,Casey,4,Pretty good overall
248,1250,Riley,4,Great recipe
249,277,Jordan,2,Too salty for my taste
250,228,Jamie,1,Very simple and quick
251,1331,Sam,2,Excellent dish
252,1782,Jamie,1,Excellent dish
253,1590,Avery,4,Pretty good overall
254,807,Drew,2,Loved it
255,1892,Reese,2,Family favorite
256,1123,Avery,5,Loved it
257,663,Morgan,2,Too salty for my taste
258,1303,Reese,4,Pretty good overall
259,1746,Taylor,1,Family favorite
260,1036,Reese,5,Too salty for my taste
261,1858,Taylor,1,Great recipe
262,1343,Sam,4,Family favorite
263,1467,Riley,3,Too salty for my taste
264,486,Drew,3,Excellent dish
265,888,Avery,2,Pretty good overall
266,1200,Avery,4,Family favorite
267,1955,Quinn,1,Not bad at all
268,1167,Jordan,5,Would make again
269,1108,Sam,5,Very simple and quick
270,1180,Morgan,5,Too salty for my taste
271,114,Avery,1,Very simple and quick
272,1430,Morgan,4,Excellent dish
273,1414,Avery,4,Not bad at all
274,713,Jamie,3,Great recipe
275,341,Riley,2,Excellent dish
276,465,Taylor,3,Family favorite
277,1451,Morgan,1,Pretty good overall
278,1382,Alex,1,Too salty for my taste
279,85,Quinn,1,Pretty good overall
280,1506,Drew,3,Family favorite
281,570,Avery,2,Great recipe
282,1452,Drew,5,Too salty for my taste
283,696,Morgan,3,Would make again
284,277,Casey,1,Pretty good overall
285,1189,Casey,4,Too salty for my taste
286,1452,Jamie,1,Pretty good overall
287,1048,Jordan,2,Too salty for my taste
288,689,Drew,5,Not bad at all
289,659,Alex,5,Family favorite
290,1848,Riley,2,Very simple and quick
291,284,Jordan,5,Excellent dish
292,396,Jamie,2,Family favorite
293,1728,Alex,4,Not bad at all
294,1230,Jamie,2,Loved it
295,1837,Riley,3,Not bad at all
296,340,Riley,5,Family favorite
297,727,Casey,1,Excellent dish
298,1010,Sam,5,Pretty good overall
299,1610,Riley,3,Would make again
300,1982,Quinn,2,Would make again
301,282,Sam,1,Loved it
302,1722,Casey,2,Loved it
303,93,Sam,3,Loved it
304,1101,Sam,1,Family favorite
305,1179,Avery,3,Excellent dish
306,685,Sam,1,Not bad at all
307,1256,Reese,1,Great recipe
308,46,Riley,5,Not bad at all
309,440,Morgan,4,Pretty good overall
310,429,Reese,4,Family favorite
311,462,Avery,2,Very simple and quick
312,1927,Jamie,3,Excellent dish
313,1455,Taylor,3,Would make again
314,1138,Jordan,1,Would make again
315,1297,Casey,2,Too salty for my taste
316,1707,Drew,4,Very simple and quick
317,1305,Jordan,5,Not bad at all
318,351,Drew,2,Not bad at all
319,653,Morgan,1,Very simple and quick
320,615,Taylor,4,Not bad at all
321,795,Riley,1,Not bad at all
322,1451,Taylor,4,Not bad at all
323,285,Sam,3,Family favorite
324,482,Avery,5,Would make again
325,1009,Avery,2,Family favorite
326,231,Morgan,3,Not bad at all
327,486,Drew,1,Family favorite
328,1917,Jordan,5,Family favorite
329,1414,Morgan,3,Loved it
330,1055,Sam,1,Very simple and quick
331,1429,Morgan,2,Great recipe
332,545,Jordan,1,Too salty for my taste
333,1544,Riley,3,Not bad at all
334,1318,Morgan,2,Too salty for my taste
335,1854,Jamie,5,Very simple and quick
336,9,Sam,5,Great recipe
337,1937,Riley,1,Loved it
338,1744,Reese,5,Family favorite
339,1311,Avery,4,Great recipe
340,1564,Quinn,4,Excellent dish
341,34,Jamie,2,Too salty for my taste
342,1573,Avery,5,Excellent dish
343,1154,Sam,4,Very simple and quick
344,370,Taylor,5,Pretty good overall
345,1171,Quinn,5,Very simple and quick
346,147,Sam,4,Too salty for my taste
347,477,Drew,4,Pretty good overall
348,1428,Jamie,1,Very simple and quick
349,939,Quinn,5,Great recipe
350,365,Reese,4,Excellent dish
351,1933,Jordan,5,Not bad at all
352,675,Riley,1,Would make again
353,1529,Morgan,1,Loved it
354,617,Taylor,1,Great recipe
355,1572,Drew,5,Not bad at all
356,1436,Morgan,3,Loved it
357,1844,Riley,1,Very simple and quick
358,601,Jamie,5,Too salty for my taste
359,1393,Casey,4,Family favorite
360,507,Quinn,3,Too salty for my taste
361,1727,Alex,1,Very simple and quick
362,345,Taylor,2,Not bad at all
363,242,Avery,4,Great recipe
364,445,Reese,3,Too salty for my taste
365,152,Alex,3,Pretty good overall
366,1378,Quinn,4,Family favorite
367,1212,Quinn,4,Would make again
368,1143,Sam,5,Would make again
369,1515,Jordan,4,Family favorite
370,361,Casey,2,Excellent dish
371,887,Drew,5,Very simple and quick
372,555,Taylor,3,Pretty good overall
373,1676,Drew,1,Excellent dish
374,1287,Riley,5,Family favorite
375,523,Jamie,2,Pretty good overall
376,443,Alex,2,Very simple and quick
377,1803,Sam,4,Would make again
378,47,Drew,4,Very simple and quick
379,1760,Taylor,3,Loved it
380,1580,Jamie,4,Excellent dish
381,1021,Sam,1,Not bad at all
382,1231,Morgan,2,Too salty for my taste
383,1881,Riley,3,Very simple and quick
384,1895,Alex,1,Too salty for my taste
385,1506,Jamie,5,Too salty for my taste
386,1263,Morgan,5,Pretty good overall
387,1377,Quinn,2,Pretty good overall
388,1473,Drew,4,Excellent dish
389,215,Riley,2,Great recipe
390,1692,Sam,4,Great recipe
391,1842,Reese,1,Excellent dish
392,933,Casey,3,Great recipe
393,775,Quinn,4,Loved it
394,838,Alex,3,Not bad at all
395,789,Alex,3,Great recipe
396,705,Alex,3,Excellent dish
397,68,Riley,2,Family favorite
398,1940,Alex,2,Too salty for my taste
399,1237,Jordan,2,Too salty for my taste
400,1372,Drew,2,Family favorite
401,247,Jamie,5,Loved it
402,1888,Jamie,5,Very simple and quick
403,1467,Riley,1,Loved it
404,1610,Jordan,3,Would make again
405,304,Drew,2,Not bad at all
406,685,Alex,1,Excellent dish
407,947,Morgan,5,Not bad at all
408,897,Drew,5,Pretty good overall
409,615,Casey,3,Very simple and quick
410,1637,Jordan,1,Not bad at all
411,1560,Avery,5,Pretty good overall
412,434,Sam,4,Would make again
413,1626,Riley,4,Would make again
414,20,Morgan,4,Loved it
415,796,Jamie,2,Pretty good overall
416,1654,Casey,3,Not bad at all
417,722,Reese,3,Very simple and quick
418,620,Reese,4,Excellent dish
419,1573,Avery,2,Too salty for my taste
420,1988,Jordan,5,Loved it
421,1699,Riley,4,Would make again
422,801,Avery,1,Pretty good overall
423,1811,Drew,1,Great recipe
424,1237,Casey,3,Excellent dish
425,1601,Morgan,3,Pretty good overall
426,984,Morgan,3,Great recipe
427,1729,Jamie,4,Great recipe
428,1014,Jordan,5,Family favorite
429,1892,Morgan,4,Excellent dish
430,393,Sam,5,Excellent dish
431,1211,Alex,5,Not bad at all
432,711,Sam,1,Pretty good overall
433,706,Reese,2,Very simple and quick
434,457,Quinn,2,Loved it
435,1422,Sam,2,Very simple and quick
436,355,Jamie,2,Not bad at all
437,1005,Jordan,2,Would make again
438,605,Drew,3,Very simple and quick
439,1500,Jordan,2,Not bad at all
440,518,Alex,5,Great recipe
441,1036,Alex,3,Loved it
442,656,Quinn,4,Would make again
443,1008,Alex,4,Would make again
444,284,Morgan,4,Pretty good overall
445,858,Avery,5,Too salty for my taste
446,434,Jordan,1,Great recipe
447,362,Taylor,2,Very simple and quick
448,1293,Jamie,1,Too salty for my taste
449,340,Riley,1,Very simple and quick
450,1955,Jamie,4,Too salty for my taste
451,594,Avery,4,Great recipe
452,1452,Morgan,4,Family favorite
453,1171,Reese,2,Very simple and quick
454,993,Reese,5,Too salty for my taste
455,742,Casey,5,Not bad at all
456,282,Jamie,2,Not bad at all
457,841,Jordan,1,Very simple and quick
458,1040,Morgan,5,Too salty for my taste
459,76,Avery,5,Too salty for my taste
460,1458,Reese,5,Too salty for my taste
461,1679,Avery,5,Would make again
462,248,Casey,1,Excellent dish
463,349,Casey,1,Pretty good overall
464,254,Reese,4,Loved it
465,1724,Drew,2,Very simple and quick
466,1109,Drew,5,Pretty good overall
467,1968,Riley,3,Would make again
468,400,Taylor,2,Family favorite
469,1663,Avery,1,Family favorite
470,239,Drew,3,Family favorite
471,823,Alex,4,Would make again
472,1616,Jordan,3,Excellent dish
473,1648,Jamie,2,Too salty for my taste
474,1547,Alex,3,Very simple and quick
475,1623,Taylor,5,Loved it
476,1134,Jordan,3,Loved it
477,1768,Riley,4,Loved it
478,1016,Quinn,5,Very simple and quick
479,599,Casey,5,Too salty for my taste
480,832,Sam,1,Very simple and quick
481,1108,Casey,3,Very simple and quick
482,759,Quinn,4,Too salty for my taste
483,1500,Drew,4,Excellent dish
484,1384,Alex,1,Great recipe
485,1189,Jordan,1,Would make again
486,1917,Riley,4,Pretty good overall
487,1270,Alex,2,Excellent dish
488,78,Riley,1,Not bad at all
489,709,Taylor,5,Not bad at all
490,1752,Riley,5,Pretty good overall
491,263,Quinn,4,Loved it
492,942,Quinn,3,Family favorite
493,141,Avery,1,Very simple and quick
494,364,Casey,3,Too salty for my taste
495,1733,Morgan,2,Not bad at all
496,303,Casey,2,Loved it
497,1985,Riley,2,Excellent dish
498,1586,Jamie,5,Family favorite
499,610,Casey,3,Very simple and quick
500,370,Riley,2,Pretty good overall
501,598,Riley,3,Not bad at all
502,975,Morgan,1,Would make again
503,135,Avery,3,Would make again
504,1376,Sam,1,Loved it
505,640,Avery,2,Family favorite
506,1841,Riley,3,Too salty for my taste
507,593,Morgan,2,Great recipe
508,49,Jordan,4,Family favorite
509,1235,Avery,3,Family favorite
510,1929,Sam,2,Would make again
511,1847,Alex,3,Pretty good overall
512,1775,Reese,1,Great recipe
513,1372,Jordan,1,Excellent dish
514,577,Taylor,4,Pretty good overall
515,94,Casey,3,Loved it
516,1478,Reese,2,Very simple and quick
517,556,Casey,2,Not bad at all
518,259,Quinn,5,Great recipe
519,392,Taylor,1,Great recipe
520,272,Avery,1,Not bad at all
521,1307,Sam,2,Would make again
522,1388,Alex,2,Too salty for my taste
523,493,Quinn,2,Not bad at all
524,304,Sam,3,Pretty good overall
525,897,Jordan,2,Very simple and quick
526,372,Drew,4,Excellent dish
527,416,Alex,4,Very simple and quick
528,1853,Jamie,3,Pretty good overall
529,222,Drew,2,Pretty good overall
530,1136,Morgan,2,Would make again
531,93,Quinn,1,Pretty good overall
532,525,Alex,3,Very simple and quick
533,1071,Alex,1,Too salty for my taste
534,891,Sam,1,Pretty good overall
535,1286,Jamie,1,Too salty for my taste
536,398,Alex,5,Loved it
537,1544,Quinn,4,Not bad at all
538,958,Riley,5,Family favorite
539,741,Morgan,4,Loved it
540,339,Jordan,5,Not bad at all
541,581,Alex,5,Excellent dish
542,1331,Sam,5,Great recipe
543,1635,Sam,4,Too salty for my taste
544,898,Riley,2,Would make again
545,1576,Drew,4,Not bad at all
546,752,Avery,3,Very simple and quick
547,1901,Drew,1,Family favorite
548,982,Avery,1,Not bad at all
549,643,Quinn,2,Too salty for my taste
550,1650,Drew,5,Excellent dish
551,1539,Reese,5,Excellent dish
552,1131,Jamie,1,Great recipe
553,90,Jamie,2,Family favorite
554,967,Morgan,5,Great recipe
555,1748,Taylor,1,Family favorite
556,73,Sam,3,Pretty good overall
557,1087,Drew,1,Family favorite
558,634,Taylor,2,Would make again
559,1200,Jamie,1,Great recipe
560,1157,Quinn,3,Pretty good overall
561,1316,Drew,3,Not bad at all
562,704,Jamie,3,Would make again
563,1528,Morgan,1,Pretty good overall
564,839,Jamie,1,Great recipe
565,1605,Taylor,1,Great recipe
566,1636,Drew,2,Too salty for my taste
567,20,Jordan,3,Would make again
568,939,Riley,2,Family favorite
569,483,Jamie,4,Excellent dish
570,1123,Riley,5,Too salty for my taste
571,447,Reese,5,Excellent dish
572,123,Riley,2,Family favorite
573,399,Drew,1,Loved it
574,32,Riley,2,Would make again
575,1246,Jordan,5,Family favorite
576,1039,Reese,1,Not bad at all
577,1162,Reese,2,Too salty for my taste
578,200,Sam,1,Excellent dish
579,763,Sam,1,Family favorite
580,1169,Jordan,3,Great recipe
581,1062,Casey,2,Would make again
582,1876,Jamie,3,Loved it
583,103,Sam,2,Too salty for my taste
584,623,Alex,2,Very simple and quick
585,1355,Quinn,4,Family favorite
586,1727,Jordan,4,Very simple and quick
587,525,Morgan,4,Loved it
588,1052,Morgan,5,Family favorite
589,1820,Jordan,2,Too salty for my taste
590,1283,Taylor,1,Very simple and quick
591,1186,Casey,3,Excellent dish
592,1262,Jamie,3,Excellent dish
593,1346,Avery,1,Pretty good overall
594,1280,Avery,3,Pretty good overall
595,558,Alex,4,Loved it
596,3,Quinn,4,Very simple and quick
597,1846,Sam,2,Loved it
598,1426,Casey,4,Too salty for my taste
599,869,Avery,2,Excellent dish
600,838,Casey,1,Great recipe
601,80,Jordan,1,Not bad at all
602,1972,Sam,3,Very simple and quick
603,1038,Reese,5,Not bad at all
604,381,Avery,5,Excellent dish
605,709,Avery,5,Too salty for my taste
606,81,Drew,3,Family favorite
607,1380,Sam,4,Too salty for my taste
608,1444,Reese,2,Not bad at all
609,498,Jordan,5,Family favorite
610,1728,Quinn,3,Great recipe
611,197,Riley,4,Loved it
612,1125,Taylor,4,Too salty for my taste
613,93,Quinn,2,Great recipe
614,1207,Alex,4,Family favorite
615,866,Jordan,4,Family favorite
616,873,Taylor,1,Very simple and quick
617,542,Riley,4,Very simple and quick
618,1737,Taylor,1,Too salty for my taste
619,930,Quinn,2,Family favorite
620,177,Alex,5,Loved it
621,786,Sam,2,Great recipe
622,18,Taylor,3,Excellent dish
623,1066,Quinn,2,Family favorite
624,1559,Jamie,3,Very simple and quick
625,1981,Casey,5,Would make again
626,1810,Avery,3,Loved it
627,651,Riley,3,Pretty good overall
628,1980,Jordan,3,Pretty good overall
629,1244,Morgan,4,Great recipe
630,407,Avery,4,Great recipe
631,1264,Reese,4,Family favorite
632,1002,Quinn,1,Pretty good overall
633,1654,Riley,5,Very simple and quick
634,112,Alex,4,Would make again
635,552,Jordan,1,Too salty for my taste
636,758,Sam,3,Great recipe
637,1046,Jordan,2,Would make again
638,103,Reese,3,Loved it
639,96,Riley,1,Family favorite
640,1753,Drew,4,Pretty good overall
641,1,Reese,1,Pretty good overall
642,1964,Alex,1,Very simple and quick
643,1495,Drew,5,Excellent dish
644,1779,Riley,2,Family favorite
645,1581,Morgan,2,Would make again
646,1344,Riley,1,Loved it
647,676,Avery,2,Not bad at all
648,696,Casey,1,Great recipe
649,1003,Morgan,2,Would make again
650,1073,Morgan,5,Pretty good overall
651,121,Reese,3,Great recipe
652,1754,Drew,3,Family favorite
653,122,Casey,4,Family favorite
654,73,Alex,1,Family favorite
655,503,Taylor,1,Too salty for my taste
656,785,Sam,1,Pretty good overall
657,662,Sam,1,Family favorite
658,803,Avery,2,Family favorite
659,573,Quinn,5,Very simple and quick
660,1600,Reese,2,Loved it
661,1330,Drew,2,Loved it
662,98,Taylor,1,Excellent dish
663,1283,Riley,4,Excellent dish
664,1785,Jordan,5,Would make again
665,481,Drew,4,Not bad at all
666,1554,Riley,1,Loved it
667,1195,Quinn,2,Great recipe
668,210,Riley,4,Family favorite
669,255,Taylor,5,Very simple and quick
670,1009,Sam,4,Excellent dish
671,11,Casey,4,Would make again
672,524,Sam,4,Not bad at all
673,1127,Riley,4,Not bad at all
674,1588,Avery,2,Would make again
675,81,Taylor,4,Excellent dish
676,531,Jamie,1,Family favorite
677,1023,Quinn,1,Great recipe
678,1312,Quinn,5,Would make again
679,449,Drew,4,Pretty good overall
680,1126,Riley,2,Family favorite
681,1807,Morgan,4,Very simple and quick
682,557,Taylor,5,Great recipe
683,1286,Reese,4,Great recipe
684,1292,Avery,4,Family favorite
685,1814,Drew,2,Great recipe
686,1636,Jordan,4,Loved it
687,1378,Jamie,4,Not bad at all
688,1429,Drew,2,Not bad at all
689,1585,Alex,4,Pretty good overall
690,63,Reese,5,Excellent dish
691,1285,Alex,2,Loved it
692,1039,Riley,3,Very simple and quick
693,466,Avery,2,Too salty for my taste
694,696,Avery,3,Excellent dish
695,1666,Alex,4,Would make again
696,389,Jordan,4,Excellent dish
697,203,Drew,2,Very simple and quick
698,654,Sam,4,Pretty good overall
699,1979,Taylor,1,Loved it
700,1686,Avery,3,Loved it
701,101,Drew,2,Family favorite
702,1494,Casey,2,Not bad at all
703,467,Alex,2,Great recipe
704,1380,Alex,2,Excellent dish
705,1769,Alex,4,Pretty good overall
706,496,Riley,5,Loved it
707,1291,Avery,3,Excellent dish
708,1571,Quinn,5,Very simple and quick
709,1080,Jamie,1,Family favorite
710,346,Quinn,3,Excellent dish
711,919,Jamie,1,Excellent dish
712,1309,Jordan,3,Family favorite
713,452,Drew,5,Pretty good overall
714,1691,Jordan,5,Pretty good overall
715,354,Jamie,1,Not bad at all
716,1394,Reese,5,Excellent dish
717,1998,Avery,5,Would make again
718,1660,Reese,3,Very simple and quick
719,408,Taylor,5,Excellent dish
720,1393,Alex,4,Too salty for my taste
721,1679,Jamie,5,Loved it
722,800,Sam,2,Not bad at all
723,1555,Sam,2,Great recipe
724,1041,Drew,3,Would make again
725,77,Taylor,1,Excellent dish
726,1287,Morgan,4,Not bad at all
727,1252,Riley,5,Not bad at all
728,1489,Jordan,3,Very simple and quick
729,1013,Alex,5,Would make again
730,901,Jamie,3,Too salty for my taste
731,1954,Sam,2,Great recipe
732,1938,Taylor,4,Family favorite
733,296,Sam,3,Loved it
734,1647,Morgan,1,Family favorite
735,1868,Reese,5,Not bad at all
736,1522,Drew,4,Excellent dish
737,1191,Jordan,3,Excellent dish
738,1437,Alex,2,Very simple and quick
739,1622,Jordan,5,Would make again
740,1713,Quinn,3,Too salty for my taste
741,1567,Morgan,4,Family favorite
742,1512,Avery,2,Pretty good overall
743,345,Alex,3,Not bad at all
744,1838,Morgan,5,Would make again
745,1904,Quinn,2,Family favorite
746,1121,Taylor,1,Very simple and quick
747,70,Alex,5,Very simple and quick
748,716,Alex,3,Too salty for my taste
749,136,Taylor,3,Family favorite
750,564,Casey,3,Great recipe
751,894,Alex,2,Excellent dish
752,1424,Taylor,4,Would make again
753,1923,Jordan,5,Would make again
754,1816,Morgan,1,Great recipe
755,1665,Reese,2,Not bad at all
756,962,Morgan,3,Would make again
757,525,Sam,2,Great recipe
758,1480,Avery,4,Loved it
759,44,Reese,2,Family favorite
760,1069,Taylor,4,Excellent dish
761,472,Riley,4,Would make again
762,923,Drew,5,Great recipe
763,848,Avery,4,Pretty good overall
764,1187,Taylor,5,Family favorite
765,1848,Drew,3,Family favorite
766,672,Jamie,3,Loved it
767,1680,Alex,3,Pretty good overall
768,1371,Drew,3,Family favorite
769,241,Jordan,1,Not bad at all
770,624,Drew,3,Great recipe
771,1125,Quinn,2,Would make again
772,21,Reese,4,Too salty for my taste
773,1476,Casey,3,Too salty for my taste
774,1408,Sam,5,Family favorite
775,665,Sam,5,Would make again
776,594,Avery,3,Pretty good overall
777,301,Jamie,5,Excellent dish
778,1153,Casey,3,Not bad at all
779,982,Reese,1,Would make again
780,96,Drew,4,Not bad at all
781,1566,Riley,4,Very simple and quick
782,386,Taylor,1,Excellent dish
783,1915,Sam,3,Pretty good overall
784,1859,Quinn,1,Family favorite
785,1737,Morgan,2,Pretty good overall
786,322,Sam,5,Great recipe
787,892,Avery,5,Family favorite
788,722,Jordan,1,Too salty for my taste
789,686,Alex,1,Very simple and quick
790,1333,Jordan,5,Too salty for my taste
791,963,Avery,3,Family favorite
792,1569,Reese,1,Would make again
793,995,Alex,4,Not bad at all
794,888,Sam,1,Family favorite
795,1694,Reese,2,Pretty good overall
796,1836,Morgan,5,Great recipe
797,1593,Casey,2,Very simple and quick
798,1386,Avery,5,Family favorite
799,578,Drew,1,Excellent dish
800,1935,Drew,1,Would make again
801,388,Casey,5,Family favorite
802,1853,Riley,1,Family favorite
803,190,Riley,4,Would make again
804,38,Sam,1,Not bad at all
805,498,Quinn,1,Pretty good overall
806,127,Morgan,3,Excellent dish
807,1473,Jordan,2,Family favorite
808,155,Casey,3,Excellent dish
809,868,Morgan,2,Great recipe
810,1336,Morgan,1,Excellent dish
811,1634,Jordan,5,Loved it
812,1982,Quinn,2,Pretty good overall
813,1616,Riley,5,Not bad at all
814,1936,Jamie,2,Very simple and quick
815,948,Drew,2,Would make again
816,1344,Reese,5,Great recipe
817,457,Drew,1,Great recipe
818,515,Morgan,4,Not bad at all
819,302,Jamie,1,Not bad at all
820,309,Jordan,2,Too salty for my taste
821,1311,Drew,1,Great recipe
822,736,Reese,5,Pretty good overall
823,61,Casey,5,Would make again
824,1119,Reese,2,Very simple and quick
825,1970,Avery,2,Pretty good overall
826,1070,Taylor,4,Too salty for my taste
827,1501,Taylor,2,Pretty good overall
828,152,Alex,2,Pretty good overall
829,284,Morgan,1,Very simple and quick
830,300,Sam,1,Too salty for my taste
831,1184,Morgan,3,Pretty good overall
832,482,Riley,2,Great recipe
833,1625,Alex,3,Very simple and quick
834,720,Jordan,4,Excellent dish
835,1015,Casey,1,Great recipe
836,53,Jordan,2,Not bad at all
837,868,Quinn,5,Would make again
838,1729,Alex,2,Excellent dish
839,1661,Casey,5,Would make again
840,1504,Casey,4,Loved it
841,1785,Reese,4,Would make again
842,1217,Avery,1,Too salty for my taste
843,290,Avery,2,Loved it
844,746,Drew,2,Great recipe
845,1088,Reese,2,Pretty good overall
846,1743,Jordan,3,Great recipe
847,358,Taylor,1,Not bad at all
848,707,Quinn,3,Great recipe
849,587,Jordan,4,Great recipe
850,856,Taylor,4,Very simple and quick
851,1336,Riley,4,Pretty good overall
852,1293,Jordan,4,Excellent dish
853,628,Jamie,4,Family favorite
854,154,Sam,5,Family favorite
855,385,Reese,2,Too salty for my taste
856,1713,Reese,4,Great recipe
857,1536,Jordan,1,Very simple and quick
858,757,Jamie,3,Pretty good overall
859,942,Sam,5,Excellent dish
860,735,Taylor,1,Not bad at all
861,491,Morgan,1,Family favorite
862,575,Avery,4,Would make again
863,1550,Drew,2,Too salty for my taste
864,516,Taylor,2,Pretty good overall
865,778,Drew,3,Not bad at all
866,1087,Drew,2,Great recipe
867,1694,Jordan,1,Excellent dish
868,294,Morgan,3,Would make again
869,573,Alex,1,Great recipe
870,1028,Riley,5,Loved it
871,845,Avery,1,Great recipe
872,1529,Casey,4,Pretty good overall
873,1683,Riley,5,Loved it
874,445,Drew,5,Too salty for my taste
875,1137,Morgan,4,Great recipe
876,401,Sam,3,Too salty for my taste
877,575,Jamie,2,Very simple and quick
878,1984,Jamie,1,Not bad at all
879,975,Morgan,4,Loved it
880,77,Taylor,1,Too salty for my taste
881,834,Jamie,1,Excellent dish
882,1147,Jordan,5,Very simple and quick
883,1569,Drew,1,Excellent dish
884,1920,Jordan,5,Loved it
885,59,Morgan,2,Too salty for my taste
886,527,Taylor,3,Excellent dish
887,90,Riley,3,Pretty good overall
888,1150,Jordan,3,Great recipe
889,1821,Reese,1,Not bad at all
890,864,Sam,4,Great recipe
891,143,Casey,2,Not bad at all
892,566,Avery,1,Family favorite
893,1677,Avery,5,Great recipe
894,1532,Alex,5,Too salty for my taste
895,57,Taylor,2,Not bad at all
896,939,Reese,1,Would make again
897,200,Quinn,1,Very simple and quick
898,197,Drew,3,Very simple and quick
899,1465,Taylor,4,Excellent dish
900,331,Sam,5,Loved it
901,780,Sam,4,Excellent dish
902,1886,Sam,4,Very simple and quick
903,731,Morgan,2,Family favorite
904,1916,Alex,1,Pretty good overall
905,1020,Avery,3,Loved it
906,1910,Casey,1,Too salty for my taste
907,1566,Alex,5,Very simple and quick
908,830,Avery,5,Family favorite
909,318,Drew,1,Too salty for my taste
910,1318,Avery,1,Great recipe
911,893,Casey,3,Very simple and quick
912,193,Taylor,1,Excellent dish
913,1912,Avery,4,Not bad at all
914,1730,Casey,3,Excellent dish
915,128,Drew,2,Pretty good overall
916,232,Morgan,5,Loved it
917,1437,Jordan,4,Not bad at all
918,809,Jordan,1,Family favorite
919,1749,Taylor,5,Excellent dish
920,390,Casey,4,Family favorite
921,366,Drew,2,Not bad at all
922,540,Jordan,4,Too salty for my taste
923,1545,Sam,4,Loved it
924,1382,Casey,4,Excellent dish
925,1858,Taylor,2,Pretty good overall
926,811,Taylor,2,Family favorite
927,92,Alex,3,Great recipe
928,231,Quinn,1,Pretty good overall
929,567,Alex,4,Would make again
930,627,Riley,2,Not bad at all
931,893,Quinn,4,Family favorite
932,347,Sam,3,Not bad at all
933,695,Riley,3,Not bad at all
934,14,Taylor,3,Very simple and quick
935,1379,Drew,3,Would make again
936,1822,Casey,5,Loved it
937,1967,Morgan,4,Very simple and quick
938,1456,Drew,1,Family favorite
939,915,Avery,1,Family favorite
940,1144,Alex,4,Not bad at all
941,117,Jordan,3,Would make again
942,910,Taylor,5,Pretty good overall
943,409,Jordan,5,Very simple and quick
944,1690,Jordan,2,Excellent dish
945,465,Quinn,4,Great recipe
946,1341,Morgan,4,Pretty good overall
947,295,Jamie,3,Great recipe
948,1912,Sam,3,Not bad at all
949,910,Riley,2,Loved it
950,762,Taylor,4,Excellent dish
951,968,Drew,1,Too salty for my taste
952,1705,Drew,1,Too salty for my taste
953,559,Taylor,4,Not bad at all
954,944,Riley,5,Not bad at all
955,1884,Alex,1,Very simple and quick
956,649,Sam,3,Great recipe
957,1132,Sam,5,Too salty for my taste
958,478,Morgan,5,Excellent dish
959,231,Quinn,5,Too salty for my taste
960,588,Reese,4,Too salty for my taste
961,750,Quinn,3,Great recipe
962,1706,Casey,5,Very simple and quick
963,750,Morgan,5,Pretty good overall
964,820,Reese,3,Would make again
965,14,Alex,5,Excellent dish
966,1894,Jamie,3,Family favorite
967,1897,Avery,5,Pretty good overall
968,366,Casey,2,Not bad at all
969,765,Reese,4,Would make again
970,1192,Riley,5,Great recipe
971,1933,Morgan,4,Too salty for my taste
972,828,Jamie,3,Excellent dish
973,1593,Jordan,3,Great recipe
974,273,Sam,2,Would make again
975,1986,Alex,5,Not bad at all
976,1123,Drew,5,Very simple and quick
977,1550,Morgan,5,Great recipe
978,1804,Avery,2,Loved it
979,1137,Quinn,4,Too salty for my taste
980,699,Jordan,1,Would make again
981,1991,Alex,5,Loved it
982,519,Reese,2,Great recipe
983,590,Morgan,5,Too salty for my taste
984,518,Jordan,5,Very simple and quick
985,1054,Quinn,1,Too salty for my taste
986,1306,Morgan,1,Very simple and quick
987,1617,Casey,4,Loved it
988,242,Morgan,2,Family favorite
989,1666,Reese,1,Family favorite
990,1021,Jamie,1,Would make again
991,91,Avery,1,Excellent dish
992,910,Reese,3,Family favorite
993,1233,Riley,4,Would make again
994,1334,Casey,2,Very simple and quick
995,1126,Taylor,2,Pretty good overall
996,178,Sam,2,Would make again
997,179,Jordan,2,Pretty good overall
998,1658,Riley,2,Pretty good overall
999,277,Jordan,3,Loved it
1000,1957,Riley,2,Would make again
1001,595,Sam,5,Excellent dish
1002,9,Avery,5,Great recipe
1003,1819,Sam,4,Excellent dish
1004,1687,Drew,4,Family favorite
1005,255,Quinn,1,Too salty for my taste
1006,1286,Avery,4,Too salty for my taste
1007,677,Sam,1,Great recipe
1008,1448,Avery,4,Would make again
1009,291,Alex,1,Would make again
1010,1215,Jordan,2,Too salty for my taste
1011,1490,Avery,1,Very simple and quick
1012,1317,Jamie,4,Great recipe
1013,468,Casey,4,Pretty good overall
1014,659,Avery,2,Family favorite
1015,1019,Casey,3,Excellent dish
1016,797,Jordan,3,Family favorite
1017,1702,Riley,3,Family favorite
1018,1152,Avery,4,Not bad at all
1019,862,Alex,2,Very simple and quick
1020,109,Riley,2,Pretty good overall
1021,917,Morgan,2,Family favorite
1022,476,Taylor,1,Would make again
1023,432,Reese,5,Pretty good overall
1024,1320,Jamie,5,Not bad at all
1025,291,Sam,2,Loved it
1026,1105,Jamie,4,Family favorite
1027,137,Sam,2,Family favorite
1028,913,Morgan,3,Would make again
1029,1654,Avery,5,Would make again
1030,1463,Reese,3,Excellent dish
1031,1786,Taylor,1,Very simple and quick
1032,1656,Quinn,4,Great recipe
1033,1519,Sam,2,Pretty good overall
1034,1061,Alex,5,Would make again
1035,1519,Alex,4,Not bad at all
1036,1243,Reese,3,Great recipe
1037,1581,Drew,4,Would make again
1038,1640,Avery,5,Pretty good overall
1039,271,Jordan,4,Family favorite
1040,1252,Reese,1,Loved it
1041,1862,Sam,4,Great recipe
1042,1581,Taylor,1,Not bad at all
1043,894,Reese,5,Too salty for my taste
1044,1434,Reese,3,Very simple and quick
1045,694,Reese,5,Not bad at all
1046,1712,Jamie,3,Excellent dish
1047,1405,Casey,3,Great recipe
1048,1007,Quinn,4,Excellent dish
1049,1400,Alex,4,Family favorite
1050,98,Drew,2,Would make again
1051,854,Taylor,4,Not bad at all
1052,1477,Casey,1,Pretty good overall
1053,1536,Riley,2,Too salty for my taste
1054,637,Riley,5,Pretty good overall
1055,845,Jordan,2,Family favorite
1056,135,Riley,5,Loved it
1057,1269,Morgan,2,Too salty for my taste
1058,260,Morgan,1,Very simple and quick
1059,1619,Jordan,2,Loved it
1060,1701,Riley,1,Excellent dish
1061,1330,Quinn,2,Pretty good overall
1062,541,Casey,1,Too salty for my taste
1063,450,Avery,1,Great recipe
1064,107,Morgan,2,Great recipe
1065,707,Sam,4,Family favorite
1066,1292,Reese,4,Family favorite
1067,1068,Jordan,2,Too salty for my taste
1068,623,Alex,1,Loved it
1069,1378,Reese,2,Family favorite
1070,1697,Reese,4,Would make again
1071,311,Sam,5,Family favorite
1072,501,Morgan,5,Not bad at all
1073,83,Avery,5,Very simple and quick
1074,333,Drew,2,Pretty good overall
1075,805,Avery,5,Would make again
1076,975,Reese,5,Excellent dish
1077,626,Riley,5,Not bad at all
1078,1340,Avery,2,Great recipe
1079,1547,Drew,1,Pretty good overall
1080,937,Taylor,2,Very simple and quick
1081,1614,Jamie,4,Family favorite
1082,374,Taylor,3,Great recipe
1083,85,Casey,3,Too salty for my taste
1084,325,Avery,3,Loved it
1085,898,Reese,2,Family favorite
1086,638,Jamie,4,Great recipe
1087,700,Jamie,5,Very simple and quick
1088,568,Morgan,3,Excellent dish
1089,188,Reese,5,Not bad at all
1090,794,Alex,3,Very simple and quick
1091,1564,Jamie,1,Very simple and quick
1092,489,Sam,5,Pretty good overall
1093,807,Taylor,4,Loved it
1094,1223,Taylor,2,Would make again
1095,1955,Jamie,4,Very simple and quick
1096,1806,Jamie,3,Not bad at all
1097,1625,Taylor,1,Loved it
1098,1268,Morgan,5,Too salty for my taste
1099,1535,Sam,3,Excellent dish
1100,1482,Reese,3,Very simple and quick
1101,286,Drew,3,Not bad at all
1102,749,Riley,1,Pretty good overall
1103,1015,Avery,4,Pretty good overall
1104,579,Taylor,1,Pretty good overall
1105,650,Jordan,1,Loved it
1106,1532,Jordan,3,Pretty good overall
1107,1556,Drew,5,Great recipe
1108,621,Quinn,1,Too salty for my taste
1109,1872,Jamie,5,Family favorite
1110,628,Avery,4,Pretty good overall
1111,1365,Jamie,2,Not bad at all
1112,1445,Jamie,1,Not bad at all
1113,1887,Riley,1,Not bad at all
1114,1470,Taylor,5,Very simple and quick
1115,1049,Quinn,4,Not bad at all
1116,403,Casey,1,Not bad at all
1117,683,Drew,1,Too salty for my taste
1118,1569,Reese,5,Excellent dish
1119,1967,Riley,5,Pretty good overall
1120,20,Casey,5,Would make again
1121,1248,Drew,5,Loved it
1122,596,Alex,1,Pretty good overall
1123,1343,Riley,1,Loved it
1124,416,Riley,5,Loved it
1125,1907,Jamie,2,Family favorite
1126,1920,Taylor,2,Not bad at all
1127,326,Jordan,4,Pretty good overall
1128,1523,Avery,1,Would make again
1129,1868,Jordan,2,Too salty for my taste
1130,1399,Riley,4,Not bad at all
1131,1763,Quinn,1,Would make again
1132,1826,Jordan,2,Loved it
1133,259,Taylor,3,Family favorite
1134,829,Casey,5,Very simple and quick
1135,1795,Reese,1,Great recipe
1136,1472,Jamie,5,Excellent dish
1137,1834,Morgan,5,Loved it
1138,795,Drew,3,Great recipe
1139,423,Avery,3,Would make again
1140,1154,Avery,2,Excellent dish
1141,1840,Jordan,1,Excellent dish
1142,127,Avery,1,Very simple and quick
1143,1045,Sam,4,Pretty good overall
1144,1933,Casey,5,Not bad at all
1145,823,Riley,5,Great recipe
1146,462,Reese,4,Family favorite
1147,665,Avery,3,Excellent dish
1148,524,Jordan,1,Loved it
1149,180,Jamie,4,Great recipe
1150,1081,Taylor,4,Excellent dish
1151,855,Casey,1,Loved it
1152,1592,Alex,4,Family favorite
1153,990,Riley,2,Would make again
1154,1382,Drew,3,Pretty good overall
1155,105,Reese,3,Loved it
1156,1678,Avery,5,Not bad at all
1157,712,Riley,5,Too salty for my taste
1158,788,Taylor,3,Pretty good overall
1159,125,Casey,5,Too salty for my taste
1160,1205,Alex,4,Not bad at all
1161,501,Alex,3,Loved it
1162,869,Avery,1,Would make again
1163,706,Taylor,3,Excellent dish
1164,1827,Morgan,2,Family favorite
1165,975,Jamie,1,Very simple and quick
1166,1087,Casey,1,Great recipe
1167,483,Avery,4,Family favorite
1168,1760,Reese,2,Very simple and quick
1169,1805,Jamie,5,Loved it
1170,1878,Taylor,2,Very simple and quick
1171,488,Drew,2,Family favorite
1172,774,Jordan,5,Great recipe
1173,1241,Drew,3,Too salty for my taste
1174,976,Morgan,5,Family favorite
1175,1312,Casey,5,Would make again
1176,1239,Taylor,5,Not bad at all
1177,645,Reese,4,Great recipe
1178,137,Taylor,5,Excellent dish
1179,1325,Quinn,3,Pretty good overall
1180,1079,Morgan,3,Family favorite
1181,929,Avery,2,Very simple and quick
1182,781,Jordan,3,Family favorite
1183,1572,Riley,3,Excellent dish
1184,1257,Taylor,3,Loved it
1185,965,Morgan,3,Loved it
1186,768,Drew,2,Would make again
1187,494,Alex,2,Too salty for my taste
1188,509,Taylor,5,Would make again
1189,628,Morgan,3,Excellent dish
1190,404,Riley,2,Excellent dish
1191,1868,Reese,4,Not bad at all
1192,874,Taylor,5,Family favorite
1193,363,Reese,3,Family favorite
1194,868,Jamie,2,Excellent dish
1195,1582,Avery,1,Too salty for my taste
1196,1092,Quinn,3,Excellent dish
1197,598,Quinn,5,Family favorite
1198,1909,Riley,1,Too salty for my taste
1199,830,Casey,3,Too salty for my taste
1200,780,Alex,1,Excellent dish
1201,1037,Alex,1,Would make again
1202,1506,Sam,5,Not bad at all
1203,1216,Riley,4,Pretty good overall
1204,830,Avery,2,Not bad at all
1205,58,Sam,1,Excellent dish
1206,1072,Morgan,4,Loved it
1207,1959,Jordan,3,Pretty good overall
1208,1232,Riley,5,Family favorite
1209,384,Sam,5,Not bad at all
1210,1692,Taylor,5,Excellent dish
1211,104,Alex,5,Loved it
1212,1685,Riley,5,Pretty good overall
1213,715,Drew,1,Loved it
1214,1425,Reese,2,Would make again
1215,689,Drew,3,Family favorite
1216,554,Reese,3,Family favorite
1217,973,Sam,5,Would make again
1218,830,Taylor,2,Family favorite
1219,769,Casey,2,Great recipe
1220,1221,Avery,3,Would make again
1221,1106,Morgan,1,Loved it
1222,634,Avery,3,Too salty for my taste
1223,1318,Jamie,3,Excellent dish
1224,608,Quinn,4,Family favorite
1225,707,Riley,5,Not bad at all
1226,1452,Taylor,5,Very simple and quick
1227,1180,Quinn,4,Family favorite
1228,775,Quinn,3,Would make again
1229,238,Jamie,4,Would make again
1230,1157,Jordan,2,Would make again
1231,944,Taylor,3,Great recipe
1232,1605,Avery,3,Excellent dish
1233,1162,Jordan,1,Too salty for my taste
1234,1430,Riley,2,Very simple and quick
1235,659,Casey,1,Loved it
1236,116,Sam,1,Great recipe
1237,1852,Jordan,2,Too salty for my taste
1238,1064,Drew,3,Not bad at all
1239,792,Sam,3,Loved it
1240,555,Avery,1,Not bad at all
1241,1792,Sam,1,Great recipe
1242,908,Taylor,1,Excellent dish
1243,1147,Reese,3,Very simple and quick
1244,8,Reese,4,Would make again
1245,914,Taylor,3,Pretty good overall
1246,1051,Sam,1,Loved it
1247,1106,Drew,1,Loved it
1248,192,Morgan,4,Very simple and quick
1249,900,Alex,1,Excellent dish
1250,1903,Avery,3,Not bad at all
1251,767,Jamie,2,Pretty good overall
1252,499,Jordan,3,Not bad at all
1253,529,Jamie,4,Too salty for my taste
1254,982,Casey,1,Family favorite
1255,1772,Jamie,5,Too salty for my taste
1256,1575,Casey,3,Great recipe
1257,1274,Alex,3,Would make again
1258,618,Riley,1,Too salty for my taste
1259,804,Drew,1,Very simple and quick
1260,640,Casey,3,Excellent dish
1261,1829,Jamie,5,Too salty for my taste
1262,1187,Morgan,5,Loved it
1263,735,Riley,2,Would make again
1264,156,Avery,1,Excellent dish
1265,1172,Taylor,4,Family favorite
1266,347,Sam,2,Very simple and quick
1267,1093,Casey,4,Not bad at all
1268,520,Drew,4,Would make again
1269,651,Drew,5,Would make again
1270,366,Morgan,2,Great recipe
1271,627,Drew,5,Pretty good overall
1272,1483,Jamie,3,Would make again
1273,1419,Casey,4,Very simple and quick
1274,1146,Riley,4,Great recipe
1275,1881,Taylor,4,Pretty good overall
1276,819,Taylor,4,Pretty good overall
1277,1751,Casey,5,Loved it
1278,12,Reese,1,Great recipe
1279,1053,Jamie,5,Not bad at all
1280,138,Casey,4,Excellent dish
1281,1970,Riley,3,Family favorite
1282,754,Jamie,1,Not bad at all
1283,992,Quinn,3,Would make again
1284,1525,Drew,4,Not bad at all
1285,425,Quinn,2,Loved it
1286,780,Casey,3,Very simple and quick
1287,1028,Jamie,4,Pretty good overall
1288,705,Avery,1,Too salty for my taste
1289,1229,Jordan,5,Very simple and quick
1290,1419,Morgan,2,Excellent dish
1291,1912,Casey,1,Pretty good overall
1292,225,Casey,3,Too salty for my taste
1293,421,Taylor,1,Great recipe
1294,558,Casey,2,Excellent dish
1295,639,Jamie,2,Family favorite
1296,1099,Reese,1,Not bad at all
1297,1250,Riley,2,Loved it
1298,979,Taylor,5,Not bad at all
1299,638,Riley,4,Very simple and quick
1300,1911,Sam,1,Would make again
1301,1267,Reese,2,Not bad at all
1302,1982,Morgan,1,Excellent dish
1303,986,Avery,1,Great recipe
1304,497,Alex,2,Excellent dish
1305,1891,Quinn,4,Excellent dish
1306,713,Quinn,5,Loved it
1307,324,Avery,5,Too salty for my taste
1308,836,Avery,4,Loved it
1309,1419,Alex,5,Great recipe
1310,1322,Quinn,4,Family favorite
1311,16,Drew,3,Family favorite
1312,13,Alex,3,Very simple and quick
1313,951,Riley,2,Not bad at all
1314,130,Morgan,2,Great recipe
1315,1674,Riley,1,Very simple and quick
1316,1597,Jordan,3,Would make again
1317,16,Taylor,3,Loved it
1318,94,Casey,5,Loved it
1319,1488,Taylor,2,Pretty good overall
1320,132,Morgan,2,Family favorite
1321,747,Jordan,2,Not bad at all
1322,655,Jordan,1,Excellent dish
1323,881,Sam,3,Loved it
1324,1779,Sam,1,Excellent dish
1325,566,Quinn,1,Family favorite
1326,291,Sam,5,Would make again
1327,1113,Riley,1,Great recipe
1328,686,Casey,5,Not bad at all
1329,962,Jamie,5,Not bad at all
1330,1482,Alex,2,Excellent dish
1331,1005,Reese,1,Not bad at all
1332,1701,Reese,3,Very simple and quick
1333,1544,Casey,2,Pretty good overall
1334,131,Drew,1,Great recipe
1335,248,Reese,5,Excellent dish
1336,990,Casey,3,Very simple and quick
1337,1857,Drew,4,Pretty good overall
1338,531,Morgan,3,Would make again
1339,1539,Avery,2,Would make again
1340,933,Taylor,3,Great recipe
1341,929,Avery,1,Great recipe
1342,1979,Morgan,3,Not bad at all
1343,29,Taylor,3,Not bad at all
1344,647,Reese,2,Too salty for my taste
1345,504,Jamie,2,Excellent dish
1346,1367,Alex,5,Too salty for my taste
1347,1096,Riley,1,Would make again
1348,1761,Casey,1,Great recipe
1349,862,Jordan,5,Pretty good overall
1350,483,Quinn,3,Not bad at all
1351,1956,Avery,3,Not bad at all
1352,251,Quinn,5,Excellent dish
1353,1009,Taylor,3,Great recipe
1354,78,Riley,2,Family favorite
1355,53,Reese,3,Pretty good overall
1356,1854,Drew,3,Very simple and quick
1357,1243,Reese,2,Would make again
1358,1355,Riley,1,Too salty for my taste
1359,487,Jordan,4,Not bad at all
1360,1429,Morgan,5,Family favorite
1361,1574,Jordan,4,Excellent dish
1362,299,Reese,4,Great recipe
1363,156,Jamie,2,Would make again
1364,1084,Riley,3,Great recipe
1365,1520,Drew,2,Not bad at all
1366,11,Taylor,5,Family favorite
1367,1481,Sam,2,Great recipe
1368,237,Riley,5,Pretty good overall
1369,1790,Sam,2,Pretty good overall
1370,6,Jamie,2,Great recipe
1371,576,Drew,1,Excellent dish
1372,747,Quinn,3,Very simple and quick
1373,1997,Quinn,1,Family favorite
1374,1929,Casey,2,Pretty good overall
1375,1946,Alex,1,Family favorite
1376,1863,Riley,3,Loved it
1377,1661,Jamie,3,Pretty good overall
1378,763,Quinn,2,Pretty good overall
1379,1737,Reese,1,Too salty for my taste
1380,1244,Quinn,5,Excellent dish
1381,738,Jamie,3,Would make again
1382,1090,Riley,1,Great recipe
1383,564,Avery,5,Great recipe
1384,120,Drew,1,Loved it
1385,616,Morgan,4,Not bad at all
1386,1033,Jamie,1,Pretty good overall
1387,1856,Drew,2,Not bad at all
1388,1612,Taylor,2,Family favorite
1389,547,Avery,3,Excellent dish
1390,349,Alex,2,Pretty good overall
1391,1516,Quinn,1,Excellent dish
1392,948,Drew,5,Too salty for my taste
1393,1547,Alex,2,Loved it
1394,1668,Taylor,2,Loved it
1395,1445,Morgan,1,Pretty good overall
1396,866,Avery,5,Loved it
1397,1158,Casey,1,Too salty for my taste
1398,55,Quinn,3,Loved it
1399,13,Sam,1,Loved it
1400,954,Reese,4,Too salty for my taste
1401,1391,Jamie,1,Family favorite
1402,331,Jordan,3,Very simple and quick
1403,985,Sam,5,Pretty good overall
1404,1660,Taylor,3,Great recipe
1405,1393,Avery,1,Excellent dish
1406,1811,Avery,3,Family favorite
1407,1141,Sam,5,Very simple and quick
1408,25,Avery,1,Family favorite
1409,1623,Avery,2,Excellent dish
1410,901,Jamie,4,Pretty good overall
1411,1902,Drew,3,Great recipe
1412,746,Alex,1,Family favorite
1413,1795,Morgan,1,Great recipe
1414,533,Alex,1,Pretty good overall
1415,597,Morgan,4,Excellent dish
1416,1380,Casey,1,Pretty good overall
1417,939,Taylor,2,Family favorite
1418,402,Drew,3,Great recipe
1419,536,Morgan,2,Pretty good overall
1420,260,Drew,1,Not bad at all
1421,882,Riley,5,Very simple and quick
1422,1769,Alex,3,Family favorite
1423,1427,Jordan,5,Family favorite
1424,502,Sam,5,Would make again
1425,1259,Quinn,1,Pretty good overall
1426,947,Avery,1,Loved it
1427,1927,Alex,3,Very simple and quick
1428,1977,Alex,1,Too salty for my taste
1429,908,Taylor,4,Pretty good overall
1430,1678,Riley,3,Loved it
1431,1028,Alex,5,Would make again
1432,393,Riley,4,Pretty good overall
1433,1774,Alex,1,Loved it
1434,227,Drew,1,Not bad at all
1435,1631,Taylor,3,Great recipe
1436,629,Casey,3,Excellent dish
1437,699,Morgan,3,Too salty for my taste
1438,1386,Sam,3,Too salty for my taste
1439,1763,Morgan,1,Loved it
1440,141,Riley,3,Would make again
1441,801,Avery,3,Too salty for my taste
1442,1062,Casey,3,Would make again
1443,959,Quinn,4,Pretty good overall
1444,1335,Alex,4,Family favorite
1445,1980,Alex,1,Loved it
1446,1566,Jordan,4,Pretty good overall
1447,1648,Morgan,4,Very simple and quick
1448,1827,Jamie,1,Too salty for my taste
1449,1407,Riley,4,Family favorite
1450,1338,Drew,5,Pretty good overall
1451,369,Morgan,4,Very simple and quick
1452,372,Jamie,2,Loved it
1453,1994,Alex,1,Pretty good overall
1454,303,Quinn,4,Very simple and quick
1455,227,Jamie,1,Very simple and quick
1456,1626,Morgan,1,Would make again
1457,1965,Casey,1,Family favorite
1458,1134,Riley,3,Loved it
1459,1848,Avery,4,Very simple and quick
1460,1754,Drew,1,Would make again
1461,1794,Jordan,1,Not bad at all
1462,774,Morgan,1,Excellent dish
1463,909,Avery,1,Family favorite
1464,266,Alex,4,Excellent dish
1465,1431,Sam,5,Excellent dish
1466,508,Casey,4,Would make again
1467,175,Alex,3,Too salty for my taste
1468,1511,Jamie,3,Excellent dish
1469,511,Taylor,3,Great recipe
1470,756,Morgan,1,Would make again
1471,108,Drew,1,Loved it
1472,1062,Jordan,3,Excellent dish
1473,214,Quinn,4,Family favorite
1474,1447,Taylor,3,Loved it
1475,921,Jamie,2,Not bad at all
1476,187,Riley,1,Too salty for my taste
1477,1564,Jamie,2,Great recipe
1478,1996,Morgan,4,Pretty good overall
1479,1741,Casey,5,Too salty for my taste
1480,1708,Sam,4,Pretty good overall
1481,532,Avery,5,Very simple and quick
1482,20,Morgan,1,Very simple and quick
1483,236,Drew,3,Not bad at all
1484,1082,Taylor,3,Family favorite
1485,240,Avery,2,Too salty for my taste
1486,662,Taylor,2,Would make again
1487,1072,Taylor,1,Too salty for my taste
1488,1497,Jordan,4,Excellent dish
1489,836,Riley,3,Great recipe
1490,1210,Reese,1,Loved it
1491,348,Riley,3,Great recipe
1492,1754,Avery,4,Would make again
1493,82,Drew,5,Pretty good overall
1494,388,Taylor,5,Great recipe
1495,1208,Taylor,5,Great recipe
1496,1583,Alex,3,Excellent dish
1497,1765,Jordan,1,Too salty for my taste
1498,375,Jamie,3,Family favorite
1499,1414,Drew,2,Too salty for my taste
1500,1845,Sam,4,Family favorite
1501,1222,Avery,5,Not bad at all
1502,1962,Avery,3,Family favorite
1503,387,Morgan,4,Would make again
1504,1126,Morgan,4,Excellent dish
1505,1749,Alex,5,Would make again
1506,1350,Jamie,1,Would make again
1507,728,Alex,2,Excellent dish
1508,1517,Alex,5,Too salty for my taste
1509,1672,Riley,5,Not bad at all
1510,1626,Drew,3,Would make again
1511,1026,Jordan,1,Family favorite
1512,1144,Morgan,1,Family favorite
1513,687,Jordan,1,Loved it
1514,1904,Alex,2,Loved it
1515,423,Jamie,2,Family favorite
1516,87,Casey,1,Family favorite
1517,806,Riley,2,Great recipe
1518,1626,Morgan,1,Too salty for my taste
1519,611,Sam,2,Family favorite
1520,335,Casey,3,Very simple and quick
1521,644,Morgan,2,Loved it
1522,1386,Drew,3,Pretty good overall
1523,1824,Quinn,4,Great recipe
1524,1898,Drew,3,Family favorite
1525,250,Quinn,1,Too salty for my taste
1526,1779,Taylor,2,Too salty for my taste
1527,1254,Avery,4,Loved it
1528,1527,Reese,5,Very simple and quick
1529,1635,Avery,5,Would make again
1530,1278,Avery,3,Loved it
1531,841,Reese,5,Loved it
1532,1671,Drew,3,Loved it
1533,212,Morgan,5,Great recipe
1534,284,Riley,2,Would make again
1535,233,Reese,1,Too salty for my taste
1536,1884,Taylor,2,Would make again
1537,592,Taylor,2,Too salty for my taste
1538,1092,Riley,3,Would make again
1539,1682,Morgan,1,Would make again
1540,967,Drew,5,Would make again
1541,1984,Jordan,3,Not bad at all
1542,779,Morgan,4,Too salty for my taste
1543,1081,Morgan,1,Loved it
1544,857,Casey,5,Excellent dish
1545,560,Avery,2,Loved it
1546,1297,Jamie,5,Very simple and quick
1547,1521,Alex,5,Excellent dish
1548,386,Sam,2,Great recipe
1549,1473,Riley,2,Loved it
1550,1487,Avery,2,Not bad at all
1551,475,Quinn,3,Very simple and quick
1552,744,Reese,4,Very simple and quick
1553,624,Alex,3,Would make again
1554,1256,Drew,5,Pretty good overall
1555,928,Reese,2,Great recipe
1556,1639,Avery,3,Loved it
1557,309,Avery,4,Great recipe
1558,708,Sam,3,Excellent dish
1559,297,Alex,2,Too salty for my taste
1560,814,Alex,1,Family favorite
1561,939,Morgan,3,Pretty good overall
1562,70,Sam,5,Not bad at all
1563,1590,Sam,5,Pretty good overall
1564,1863,Avery,5,Too salty for my taste
1565,144,Reese,5,Excellent dish
1566,1456,Reese,2,Pretty good overall
1567,8,Jamie,1,Too salty for my taste
1568,931,Drew,1,Very simple and quick
1569,1050,Sam,5,Pretty good overall
1570,93,Sam,1,Too salty for my taste
1571,1898,Taylor,4,Would make again
1572,463,Avery,3,Pretty good overall
1573,729,Avery,3,Too salty for my taste
1574,932,Jamie,1,Loved it
1575,553,Avery,5,Too salty for my taste
1576,1084,Taylor,5,Very simple and quick
1577,338,Morgan,1,Would make again
1578,1887,Casey,3,Family favorite
1579,65,Avery,4,Not bad at all
1580,1660,Avery,3,Would make again
1581,1887,Avery,3,Would make again
1582,171,Casey,5,Pretty good overall
1583,110,Avery,1,Very simple and quick
1584,1056,Avery,3,Loved it
1585,1054,Jamie,2,Not bad at all
1586,1676,Jordan,4,Family favorite
1587,268,Taylor,3,Pretty good overall
1588,508,Drew,1,Great recipe
1589,931,Avery,1,Great recipe
1590,1140,Reese,4,Excellent dish
1591,697,Alex,2,Great recipe
1592,1669,Riley,1,Too salty for my taste
1593,1028,Taylor,2,Too salty for my taste
1594,208,Avery,1,Would make again
1595,1677,Riley,5,Loved it
1596,811,Casey,2,Would make again
1597,1807,Jordan,4,Excellent dish
1598,135,Jordan,4,Too salty for my taste
1599,1542,Drew,3,Would make again
1600,204,Quinn,4,Loved it
1601,978,Morgan,2,Would make again
1602,1093,Jordan,3,Not bad at all
1603,1867,Drew,5,Great recipe
1604,47,Quinn,3,Would make again
1605,269,Avery,3,Very simple and quick
1606,1185,Sam,1,Great recipe
1607,1773,Morgan,1,Too salty for my taste
1608,982,Reese,2,Loved it
1609,1826,Casey,3,Too salty for my taste
1610,1675,Jordan,4,Family favorite
1611,1448,Quinn,1,Very simple and quick
1612,1165,Jamie,4,Family favorite
1613,1472,Avery,2,Loved it
1614,1442,Jordan,2,Very simple and quick
1615,1939,Quinn,2,Family favorite
1616,1262,Riley,3,Too salty for my taste
1617,746,Sam,2,Too salty for my taste
1618,749,Sam,4,Very simple and quick
1619,107,Drew,4,Family favorite
1620,1536,Jamie,4,Loved it
1621,1018,Riley,5,Very simple and quick
1622,72,Avery,3,Great recipe
1623,705,Reese,4,Loved it
1624,1324,Drew,4,Pretty good overall
1625,1989,Riley,2,Not bad at all
1626,164,Casey,1,Great recipe
1627,1092,Sam,3,Very simple and quick
1628,1288,Drew,5,Excellent dish
1629,79,Jamie,1,Very simple and quick
1630,832,Riley,3,Great recipe
1631,1016,Alex,4,Excellent dish
1632,541,Alex,2,Loved it
1633,1992,Quinn,2,Great recipe
1634,1346,Avery,5,Great recipe
1635,399,Drew,3,Pretty good overall
1636,952,Taylor,3,Not bad at all
1637,732,Riley,2,Great recipe
1638,1321,Taylor,1,Great recipe
1639,163,Sam,5,Not bad at all
1640,1374,Drew,4,Excellent dish
1641,86,Riley,4,Family favorite
1642,1639,Drew,2,Excellent dish
1643,1857,Casey,3,Very simple and quick
1644,635,Casey,4,Too salty for my taste
1645,458,Riley,4,Excellent dish
1646,435,Drew,5,Great recipe
1647,42,Taylor,3,Very simple and quick
1648,1463,Avery,4,Too salty for my taste
1649,683,Riley,1,Loved it
1650,45,Taylor,4,Would make again
1651,895,Casey,1,Family favorite
1652,1757,Alex,2,Pretty good overall
1653,1521,Quinn,3,Great recipe
1654,1667,Taylor,1,Not bad at all
1655,400,Quinn,3,Not bad at all
1656,1640,Casey,3,Not bad at all
1657,1763,Riley,1,Not bad at all
1658,1299,Reese,2,Would make again
1659,657,Alex,3,Pretty good overall
1660,1971,Riley,4,Not bad at all
1661,910,Sam,3,Pretty good overall
1662,1203,Drew,5,Very simple and quick
1663,1050,Taylor,2,Excellent dish
1664,141,Avery,1,Too salty for my taste
1665,692,Alex,5,Too salty for my taste
1666,1269,Sam,3,Very simple and quick
1667,164,Jordan,4,Family favorite
1668,688,Drew,2,Loved it
1669,1154,Drew,1,Would make again
1670,455,Morgan,5,Too salty for my taste
1671,348,Drew,3,Not bad at all
1672,956,Quinn,1,Very simple and quick
1673,19,Sam,3,Family favorite
1674,1563,Riley,1,Family favorite
1675,1362,Drew,2,Very simple and quick
1676,513,Morgan,3,Very simple and quick
1677,1965,Sam,5,Pretty good overall
1678,133,Taylor,5,Great recipe
1679,247,Casey,5,Great recipe
1680,1504,Quinn,5,Great recipe
1681,1467,Quinn,3,Very simple and quick
1682,212,Jordan,2,Very simple and quick
1683,566,Quinn,2,Loved it
1684,651,Casey,5,Very simple and quick
1685,531,Morgan,3,Too salty for my taste
1686,1322,Quinn,3,Family favorite
1687,183,Morgan,5,Too salty for my taste
1688,1822,Avery,4,Too salty for my taste
1689,1005,Drew,4,Very simple and quick
1690,822,Quinn,2,Family favorite
1691,1582,Jordan,4,Not bad at all
1692,695,Casey,3,Not bad at all
1693,1582,Sam,4,Excellent dish
1694,867,Quinn,1,Very simple and quick
1695,1933,Jamie,5,Loved it
1696,1948,Riley,4,Very simple and quick
1697,302,Riley,2,Too salty for my taste
1698,1049,Alex,2,Very simple and quick
1699,1268,Taylor,2,Too salty for my taste
1700,1972,Avery,2,Too salty for my taste
1701,1974,Jamie,4,Loved it
1702,382,Taylor,4,Too salty for my taste
1703,1306,Morgan,5,Would make again
1704,381,Casey,5,Too salty for my taste
1705,457,Taylor,4,Very simple and quick
1706,1367,Riley,5,Not bad at all
1707,6,Sam,3,Would make again
1708,1899,Drew,5,Family favorite
1709,1491,Jordan,3,Not bad at all
1710,861,Casey,4,Excellent dish
1711,1596,Morgan,4,Too salty for my taste
1712,1452,Drew,4,Excellent dish
1713,1590,Sam,1,Would make again
1714,726,Jordan,5,Excellent dish
1715,41,Quinn,4,Excellent dish
1716,1307,Quinn,1,Excellent dish
1717,194,Sam,4,Great recipe
1718,620,Jordan,1,Very simple and quick
1719,1772,Casey,1,Family favorite
1720,446,Drew,3,Great recipe
1721,1598,Jordan,1,Family favorite
1722,1869,Morgan,5,Too salty for my taste
1723,1563,Morgan,5,Too salty for my taste
1724,432,Casey,3,Very simple and quick
1725,1896,Avery,4,Great recipe
1726,1569,Jamie,4,Very simple and quick
1727,1610,Avery,4,Excellent dish
1728,47,Quinn,4,Not bad at all
1729,1165,Casey,3,Too salty for my taste
1730,1047,Riley,2,Pretty good overall
1731,673,Morgan,4,Pretty good overall
1732,1824,Reese,2,Too salty for my taste
1733,1506,Quinn,3,Pretty good overall
1734,750,Reese,4,Would make again
1735,532,Quinn,2,Loved it
1736,199,Drew,5,Pretty good overall
1737,1190,Drew,5,Pretty good overall
1738,770,Casey,4,Loved it
1739,833,Casey,3,Too salty for my taste
1740,1553,Taylor,2,Great recipe
1741,1634,Jamie,3,Loved it
1742,1426,Jordan,5,Loved it
1743,1287,Sam,2,Loved it
1744,654,Sam,3,Excellent dish
1745,1838,Jamie,1,Family favorite
1746,372,Jamie,5,Family favorite
1747,1458,Drew,5,Pretty good overall
1748,1539,Reese,5,Pretty good overall
1749,1962,Alex,2,Very simple and quick
1750,249,Morgan,2,Too salty for my taste
1751,1246,Taylor,5,Great recipe
1752,1392,Jamie,1,Too salty for my taste
1753,1010,Drew,2,Family favorite
1754,1013,Reese,3,Too salty for my taste
1755,1778,Alex,4,Great recipe
1756,24,Reese,1,Great recipe
1757,1224,Morgan,3,Great recipe
1758,78,Sam,5,Very simple and quick
1759,464,Jordan,3,Great recipe
1760,624,Sam,3,Loved it
1761,200,Riley,4,Loved it
1762,1273,Reese,2,Great recipe
1763,1139,Jordan,1,Loved it
1764,309,Jordan,3,Great recipe
1765,1410,Riley,4,Great recipe
1766,704,Alex,3,Too salty for my taste
1767,625,Quinn,3,Pretty good overall
1768,1327,Morgan,4,Family favorite
1769,811,Reese,4,Loved it
1770,717,Jordan,3,Not bad at all
1771,1759,Drew,2,Great recipe
1772,495,Casey,3,Would make again
1773,785,Quinn,3,Great recipe
1774,436,Reese,4,Pretty good overall
1775,1897,Taylor,3,Excellent dish
1776,628,Casey,2,Not bad at all
1777,99,Jamie,3,Family favorite
1778,1005,Avery,4,Not bad at all
1779,843,Morgan,4,Not bad at all
1780,1783,Morgan,3,Not bad at all
1781,1999,Quinn,5,Very simple and quick
1782,1552,Morgan,5,Very simple and quick
1783,1222,Jordan,2,Would make again
1784,711,Drew,5,Great recipe
1785,539,Morgan,4,Not bad at all
1786,926,Casey,4,Loved it
1787,1170,Reese,5,Not bad at all
1788,844,Reese,3,Would make again
1789,1522,Alex,5,Loved it
1790,1258,Avery,5,Family favorite
1791,853,Quinn,4,Family favorite
1792,964,Casey,2,Excellent dish
1793,767,Drew,5,Pretty good overall
1794,1550,Jamie,5,Family favorite
1795,915,Quinn,4,Great recipe
1796,490,Jordan,4,Would make again
1797,978,Casey,3,Not bad at all
1798,898,Riley,5,Excellent dish
1799,1792,Sam,5,Excellent dish
1800,1528,Sam,1,Pretty good overall
1801,393,Quinn,3,Excellent dish
1802,1432,Jordan,1,Pretty good overall
1803,802,Avery,1,Pretty good overall
1804,105,Sam,5,Would make again
1805,1425,Reese,2,Too salty for my taste
1806,1663,Jamie,2,Loved it
1807,345,Morgan,1,Excellent dish
1808,1856,Morgan,2,Great recipe
1809,443,Avery,2,Would make again
1810,1952,Reese,5,Family favorite
1811,657,Riley,4,Would make again
1812,1950,Taylor,5,Too salty for my taste
1813,896,Jamie,5,Would make again
1814,1634,Morgan,3,Excellent dish
1815,1002,Quinn,4,Great recipe
1816,2000,Morgan,2,Would make again
1817,52,Casey,2,Loved it
1818,412,Sam,5,Great recipe
1819,167,Casey,1,Would make again
1820,1020,Drew,5,Family favorite
1821,289,Taylor,1,Would make again
1822,1178,Drew,3,Loved it
1823,125,Sam,4,Not bad at all
1824,1616,Reese,2,Loved it
1825,145,Jordan,1,Too salty for my taste
1826,1615,Alex,3,Pretty good overall
1827,1067,Riley,4,Very simple and quick
1828,1129,Jordan,4,Pretty good overall
1829,1219,Jordan,3,Not bad at all
1830,1665,Casey,2,Not bad at all
1831,1663,Casey,5,Not bad at all
1832,1859,Sam,1,Would make again
1833,603,Drew,5,Pretty good overall
1834,1343,Reese,1,Great recipe
1835,1894,Riley,5,Excellent dish
1836,355,Jamie,5,Excellent dish
1837,1737,Morgan,3,Family favorite
1838,1295,Jordan,3,Excellent dish
1839,865,Jamie,5,Excellent dish
1840,450,Quinn,1,Pretty good overall
1841,264,Sam,1,Loved it
1842,1025,Morgan,1,Would make again
1843,882,Riley,3,Family favorite
1844,20,Alex,1,Not bad at all
1845,1853,Drew,4,Excellent dish
1846,1871,Drew,3,Would make again
1847,225,Drew,4,Great recipe
1848,918,Quinn,1,Great recipe
1849,583,Alex,3,Pretty good overall
1850,1818,Taylor,4,Excellent dish
1851,392,Morgan,3,Excellent dish
1852,869,Reese,3,Excellent dish
1853,1566,Riley,5,Great recipe
1854,281,Jordan,5,Family favorite
1855,1677,Sam,5,Not bad at all
1856,1476,Sam,2,Great recipe
1857,1146,Taylor,4,Family favorite
1858,856,Sam,5,Not bad at all
1859,1468,Avery,3,Excellent dish
1860,760,Riley,2,Would make again
1861,1767,Drew,2,Too salty for my taste
1862,1991,Reese,2,Great recipe
1863,1581,Quinn,3,Not bad at all
1864,789,Alex,1,Very simple and quick
1865,1210,Jordan,5,Great recipe
1866,369,Riley,3,Too salty for my taste
1867,1643,Drew,2,Family favorite
1868,1607,Avery,3,Excellent dish
1869,270,Jamie,3,Not bad at all
1870,1179,Alex,1,Too salty for my taste
1871,1139,Casey,3,Excellent dish
1872,1248,Morgan,2,Loved it
1873,1032,Sam,5,Great recipe
1874,105,Riley,4,Not bad at all
1875,1288,Jordan,1,Family favorite
1876,1848,Quinn,4,Great recipe
1877,213,Reese,2,Not bad at all
1878,264,Sam,5,Too salty for my taste
1879,1206,Casey,2,Loved it
1880,1122,Taylor,1,Family favorite
1881,854,Casey,2,Too salty for my taste
1882,1796,Drew,1,Would make again
1883,1613,Drew,2,Pretty good overall
1884,97,Quinn,4,Not bad at all
1885,1472,Jamie,3,Family favorite
1886,1951,Jamie,4,Very simple and quick
1887,291,Morgan,1,Very simple and quick
1888,911,Taylor,4,Too salty for my taste
1889,1191,Quinn,3,Great recipe
1890,110,Drew,4,Family favorite
1891,527,Alex,1,Family favorite
1892,751,Riley,4,Too salty for my taste
1893,1716,Avery,3,Great recipe
1894,1022,Avery,3,Pretty good overall
1895,879,Jamie,5,Not bad at all
1896,1959,Reese,3,Excellent dish
1897,1252,Avery,4,Very simple and quick
1898,481,Sam,1,Loved it
1899,1458,Taylor,1,Too salty for my taste
1900,851,Alex,5,Too salty for my taste
1901,409,Drew,3,Great recipe
1902,589,Jamie,3,Loved it
1903,1344,Riley,3,Great recipe
1904,1016,Quinn,1,Very simple and quick
1905,1270,Sam,5,Would make again
1906,725,Taylor,2,Excellent dish
1907,1234,Drew,5,Very simple and quick
1908,878,Jordan,1,Not bad at all
1909,1643,Drew,3,Great recipe
1910,1059,Avery,1,Pretty good overall
1911,23,Casey,2,Loved it
1912,1230,Casey,1,Not bad at all
1913,1034,Drew,4,Too salty for my taste
1914,537,Reese,3,Not bad at all
1915,690,Alex,5,Too salty for my taste
1916,1286,Casey,3,Not bad at all
1917,1957,Alex,2,Would make again
1918,1330,Casey,2,Excellent dish
1919,1403,Drew,2,Not bad at all
1920,37,Alex,2,Family favorite
1921,1403,Jamie,4,Too salty for my taste
1922,680,Jordan,2,Not bad at all
1923,875,Reese,4,Pretty good overall
1924,365,Jordan,4,Not bad at all
1925,203,Drew,2,Pretty good overall
1926,595,Riley,5,Would make again
1927,1032,Jamie,2,Would make again
1928,1661,Avery,3,Not bad at all
1929,1797,Jamie,1,Great recipe
1930,1006,Riley,4,Would make again
1931,820,Taylor,5,Loved it
1932,1128,Alex,5,Pretty good overall
1933,1515,Jamie,4,Too salty for my taste
1934,659,Jamie,4,Very simple and quick
1935,1204,Jamie,2,Family favorite
1936,1578,Quinn,5,Family favorite
1937,743,Taylor,1,Loved it
1938,491,Jordan,4,Loved it
1939,33,Sam,3,Great recipe
1940,1519,Quinn,3,Too salty for my taste
1941,178,Casey,3,Family favorite
1942,3,Drew,4,Very simple and quick
1943,183,Alex,4,Family favorite
1944,540,Alex,3,Great recipe
1945,287,Reese,5,Pretty good overall
1946,499,Riley,3,Excellent dish
1947,978,Riley,2,Very simple and quick
1948,1776,Sam,5,Too salty for my taste
1949,324,Morgan,4,Great recipe
1950,1307,Avery,2,Not bad at all
1951,1192,Avery,5,Would make again
1952,1740,Jamie,2,Pretty good overall
1953,1717,Casey,1,Excellent dish
1954,651,Sam,5,Not bad at all
1955,1456,Jamie,3,Not bad at all
1956,780,Jordan,3,Would make again
1957,261,Sam,1,Not bad at all
1958,1216,Riley,5,Too salty for my taste
1959,848,Taylor,3,Not bad at all
1960,414,Drew,1,Excellent dish
1961,1763,Quinn,3,Loved it
1962,1113,Morgan,3,Would make again
1963,1832,Jamie,4,Family favorite
1964,226,Jordan,3,Loved it
1965,651,Alex,1,Too salty for my taste
1966,435,Jamie,3,Pretty good overall
1967,1222,Morgan,2,Would make again
1968,1410,Morgan,2,Family favorite
1969,644,Quinn,3,Great recipe
1970,538,Riley,1,Loved it
1971,403,Jordan,4,Too salty for my taste
1972,1328,Taylor,3,Great recipe
1973,1914,Riley,5,Very simple and quick
1974,1508,Casey,1,Too salty for my taste
1975,1618,Taylor,1,Would make again
1976,1515,Jordan,4,Great recipe
1977,628,Alex,1,Pretty good overall
1978,869,Jamie,1,Pretty good overall
1979,507,Jamie,2,Too salty for my taste
1980,765,Alex,4,Excellent dish
1981,1987,Jamie,2,Excellent dish
1982,589,Alex,3,Not bad at all
1983,618,Casey,5,Not bad at all
1984,1528,Quinn,2,Pretty good overall
1985,1672,Riley,2,Great recipe
1986,625,Alex,4,Excellent dish
1987,1191,Reese,1,Very simple and quick
1988,1197,Reese,2,Loved it
1989,1490,Morgan,4,Loved it
1990,1508,Casey,4,Not bad at all
1991,1319,Jamie,1,Would make again
1992,284,Jordan,1,Excellent dish
1993,1068,Jordan,3,Pretty good overall
1994,164,Jamie,1,Family favorite
1995,1408,Morgan,4,Family favorite
1996,615,Sam,3,Not bad at all
1997,1375,Taylor,4,Excellent dish
1998,172,Reese,3,Loved it
1999,1778,Drew,3,Family favorite
2000,775,Jamie,2,Not bad at all
